SquareFootage,Age,Neighborhood,GardenSize,DistanceToPub,Price
711,37,Buckland,516,0.7,3477
458,46,Bywater,590,1.7,2543
671,29,Michel Delving,499,1.4,2909
804,36,Tuckborough,598,1.5,4343
1134,41,Tuckborough,481,1.8,4429
1068,46,Michel Delving,425,0.2,3963
969,34,Michel Delving,407,1.4,3662
462,32,Tuckborough,378,0.3,2649
851,13,Buckland,472,1.6,3920
796,40,Buckland,484,1.6,2823
640,30,Tuckborough,556,0.8,3062
468,58,Michel Delving,485,0.3,2339
739,17,Michel Delving,510,1.1,4137
1006,41,Buckland,290,1.5,4164
928,30,Bywater,492,1.1,4328
746,40,Buckland,582,0.4,3269
977,23,Michel Delving,631,0.8,4460
677,16,Buckland,395,1.0,2994
914,36,Buckland,465,1.2,3725
723,27,Tuckborough,489,1.2,4052
561,58,Buckland,478,0.6,2905
928,8,Michel Delving,524,1.0,3772
1192,46,Bywater,666,1.4,4989
531,27,Tuckborough,511,1.4,2681
615,35,Tuckborough,367,0.9,2665
267,39,Hobbiton,383,1.1,2260
565,36,Hobbiton,519,1.1,2410
840,34,Tuckborough,354,1.0,2878
345,15,Hobbiton,316,0.6,2049
796,31,Buckland,497,0.7,3393
705,39,Michel Delving,538,0.1,3092
689,30,Michel Delving,183,0.9,2735
959,34,Michel Delving,603,0.9,4743
743,14,Tuckborough,484,0.7,3290
683,43,Bywater,340,1.2,2728
1191,31,Tuckborough,425,1.5,5009
929,62,Michel Delving,340,0.6,3297
523,15,Tuckborough,601,0.8,2091
742,42,Bywater,517,1.0,3199
915,7,Michel Delving,417,1.7,4458
806,32,Bywater,446,0.7,3435
665,47,Tuckborough,571,0.0,3746
741,58,Tuckborough,368,0.9,2844
550,44,Tuckborough,372,2.3,1736
647,30,Buckland,666,1.9,3089
928,48,Tuckborough,556,0.5,4093
1129,14,Buckland,636,0.7,5036
760,21,Bywater,513,0.7,3020
992,51,Bywater,433,0.0,4281
708,39,Michel Delving,499,0.8,3383
740,26,Bywater,491,0.6,2639
1142,29,Buckland,542,1.4,4628
844,1,Bywater,424,0.5,3580
723,53,Michel Delving,609,1.3,3507
1075,3,Buckland,518,0.9,4578
602,21,Bywater,501,0.8,2780
1051,29,Buckland,411,1.4,4357
371,7,Tuckborough,501,0.6,2328
919,34,Hobbiton,312,0.8,3036
1263,28,Tuckborough,660,1.0,5785
1040,42,Michel Delving,423,1.4,3887
1139,13,Michel Delving,425,0.9,4558
1027,37,Buckland,455,0.6,4342
955,39,Buckland,503,0.9,3932
1013,32,Hobbiton,403,0.9,3539
764,30,Tuckborough,389,1.7,3125
593,17,Michel Delving,591,2.0,2524
1178,18,Bywater,604,0.4,4716
599,16,Tuckborough,561,0.1,3278
723,29,Hobbiton,317,0.6,2378
687,33,Bywater,504,1.0,3293
995,3,Bywater,176,0.6,2899
781,4,Hobbiton,513,0.9,3609
859,58,Bywater,436,1.5,3530
1107,16,Tuckborough,561,1.1,4512
676,27,Tuckborough,422,1.2,2903
456,25,Hobbiton,631,1.8,2543
906,21,Hobbiton,587,0.9,4042
666,41,Michel Delving,536,0.3,2672
773,34,Tuckborough,486,0.1,3495
610,14,Michel Delving,359,0.8,2483
851,40,Bywater,584,1.8,3526
537,25,Hobbiton,618,0.8,2319
844,7,Bywater,393,1.4,3253
927,26,Michel Delving,393,1.6,4156
667,15,Bywater,472,0.8,3132
660,31,Bywater,727,0.3,3181
784,29,Hobbiton,565,0.5,2896
804,23,Buckland,501,1.0,3181
700,69,Hobbiton,554,0.6,2907
811,52,Tuckborough,608,0.0,3124
685,28,Tuckborough,406,0.8,2260
675,42,Tuckborough,556,0.6,2992
737,30,Bywater,603,1.1,3647
914,46,Buckland,591,0.8,4506
907,32,Bywater,472,1.3,3216
715,38,Michel Delving,672,1.0,3373
712,22,Buckland,582,1.8,4232
983,34,Hobbiton,524,1.3,3504
729,20,Buckland,594,0.9,3197
641,67,Tuckborough,512,0.2,2753
456,49,Buckland,361,0.1,2371
809,35,Hobbiton,463,1.5,3459
877,57,Bywater,562,1.0,3646
968,21,Hobbiton,527,1.0,4096
681,58,Michel Delving,515,0.7,3081
1314,34,Tuckborough,443,1.2,5511
580,44,Bywater,476,0.8,2763
804,32,Michel Delving,565,0.9,3653
1154,61,Buckland,531,1.5,5345
1036,44,Michel Delving,419,0.2,4139
598,42,Bywater,446,0.5,2916
939,30,Michel Delving,626,0.3,5116
754,8,Michel Delving,394,1.5,3158
739,29,Hobbiton,517,1.8,3333
901,22,Tuckborough,584,1.9,3708
946,1,Hobbiton,352,0.9,3358
681,28,Buckland,504,1.0,3408
636,15,Buckland,412,1.2,3032
1124,26,Tuckborough,535,1.0,4763
518,27,Michel Delving,230,0.9,2736
1132,44,Buckland,639,1.1,5155
510,54,Hobbiton,502,1.1,2042
814,40,Hobbiton,416,1.1,3540
816,38,Tuckborough,413,0.8,3274
783,15,Buckland,486,0.6,3480
715,21,Tuckborough,446,0.6,2899
639,33,Buckland,609,0.7,3257
550,45,Michel Delving,456,2.0,2368
1186,22,Michel Delving,759,0.9,5442
589,29,Buckland,531,0.9,4462
1040,29,Bywater,511,1.2,3993
929,25,Michel Delving,470,1.6,3722
617,35,Michel Delving,380,0.1,2518
712,31,Michel Delving,371,1.0,3365
910,48,Tuckborough,579,1.8,3940
627,14,Tuckborough,483,0.7,2688
733,40,Bywater,541,0.9,3206
710,24,Buckland,492,0.4,3392
923,8,Hobbiton,466,0.7,3160
1050,16,Buckland,563,1.7,4758
752,46,Michel Delving,501,1.3,2882
729,22,Michel Delving,452,1.1,3099
549,40,Hobbiton,419,1.0,2166
598,11,Hobbiton,557,1.6,2749
872,25,Michel Delving,514,1.3,3981
854,77,Tuckborough,573,0.5,4072
588,23,Hobbiton,469,0.8,2665
817,15,Tuckborough,350,1.2,3014
420,22,Buckland,646,0.8,2595
1104,29,Buckland,441,1.5,3774
962,30,Michel Delving,601,1.4,4317
589,23,Hobbiton,649,0.9,2397
585,0,Bywater,385,1.4,2455
976,24,Bywater,304,1.4,3481
943,26,Michel Delving,570,1.1,3817
1427,25,Michel Delving,559,1.2,6743
893,27,Bywater,435,1.6,3943
904,21,Buckland,580,0.7,3978
717,21,Tuckborough,475,0.5,2733
784,35,Hobbiton,468,0.7,2635
936,22,Hobbiton,455,0.4,4176
736,32,Tuckborough,614,0.7,3186
690,18,Michel Delving,512,1.6,3261
678,44,Bywater,345,1.3,2500
587,1,Michel Delving,526,1.6,2722
876,32,Hobbiton,520,1.2,3430
561,59,Buckland,353,0.3,2647
693,52,Bywater,460,0.5,2763
750,40,Michel Delving,477,0.2,3395
760,32,Michel Delving,511,0.3,3606
464,64,Tuckborough,503,0.8,2273
576,22,Bywater,396,0.7,3072
716,16,Buckland,312,0.7,2719
371,43,Michel Delving,470,1.2,1870
1018,18,Michel Delving,489,1.2,4276
568,43,Tuckborough,452,0.4,2029
1273,56,Buckland,475,0.6,5414
535,32,Michel Delving,602,1.4,2885
561,15,Buckland,454,1.6,2900
364,32,Hobbiton,656,1.4,2305
1017,44,Michel Delving,534,1.4,4239
783,17,Buckland,524,1.1,3413
757,38,Tuckborough,409,1.4,3187
1182,44,Buckland,646,1.0,5259
785,4,Buckland,565,1.1,3120
812,25,Buckland,443,1.4,3520
1006,10,Michel Delving,400,1.0,3479
931,44,Bywater,554,0.9,4213
647,32,Tuckborough,616,0.1,3632
902,40,Hobbiton,375,1.0,3658
548,15,Tuckborough,550,1.8,2848
792,63,Tuckborough,458,1.5,2873
1054,20,Buckland,483,1.1,4855
1075,9,Tuckborough,501,1.1,4411
677,13,Hobbiton,470,1.4,2730
853,56,Hobbiton,459,1.2,3596
609,23,Hobbiton,382,2.4,2944
1026,43,Tuckborough,413,1.0,4086
748,27,Hobbiton,372,0.4,2631
699,21,Tuckborough,632,1.3,3829
363,35,Buckland,331,0.5,2657
873,40,Buckland,403,0.3,3572
1028,13,Tuckborough,572,0.7,4175
892,10,Hobbiton,433,0.4,3619
854,32,Tuckborough,315,0.9,3721
902,29,Tuckborough,504,1.1,3240
918,46,Bywater,530,1.0,3634
627,26,Tuckborough,625,0.9,3396
832,34,Buckland,453,1.6,3358
971,20,Hobbiton,364,1.2,3448
1033,29,Tuckborough,400,1.4,3939
424,33,Hobbiton,468,0.9,1616
1062,20,Buckland,568,1.5,4604
912,38,Michel Delving,485,0.4,3588
924,40,Michel Delving,399,0.8,3311
680,49,Hobbiton,389,1.1,2488
730,22,Michel Delving,572,0.8,3501
882,14,Bywater,580,1.6,3462
957,3,Tuckborough,317,1.8,3605
958,5,Michel Delving,472,0.9,5112
561,27,Bywater,473,1.4,2443
788,23,Hobbiton,470,0.7,3063
946,22,Hobbiton,342,0.3,3563
993,23,Buckland,581,1.4,4264
793,39,Buckland,569,0.7,3378
806,28,Buckland,262,0.2,2664
1045,35,Michel Delving,435,1.4,4294
892,26,Bywater,438,1.9,3872
951,40,Buckland,517,1.1,4776
769,3,Tuckborough,669,0.9,3350
583,44,Bywater,439,1.4,2682
665,23,Bywater,547,0.8,2960
662,28,Hobbiton,556,1.7,2962
854,27,Tuckborough,410,0.8,3471
690,25,Hobbiton,355,0.9,2092
1069,26,Tuckborough,445,1.2,4412
1073,22,Hobbiton,349,0.9,3618
860,34,Michel Delving,546,1.0,3789
806,20,Tuckborough,495,0.4,3110
693,50,Hobbiton,310,0.7,2856
969,61,Bywater,458,1.2,3914
860,35,Buckland,504,0.7,4036
944,35,Buckland,465,1.4,3901
979,29,Hobbiton,512,0.9,4022
743,31,Hobbiton,495,1.1,4102
667,5,Hobbiton,562,1.9,2590
881,37,Bywater,432,0.7,3531
628,38,Bywater,595,0.9,3147
923,15,Bywater,492,1.7,3664
903,28,Hobbiton,576,0.8,3386
868,26,Hobbiton,553,1.2,3703
765,37,Tuckborough,459,0.8,3113
837,37,Tuckborough,560,1.6,4791
947,21,Bywater,436,2.1,3188
775,25,Buckland,434,0.8,3241
1000,4,Buckland,545,1.2,3781
508,53,Michel Delving,427,0.7,2267
686,19,Michel Delving,467,1.9,2901
637,2,Buckland,649,1.6,2988
662,31,Bywater,597,0.1,3218
778,29,Hobbiton,516,0.5,3563
874,22,Michel Delving,494,0.3,3223
643,43,Hobbiton,642,1.2,3073
942,31,Tuckborough,343,0.6,3492
991,22,Buckland,647,1.0,4916
715,46,Buckland,458,0.3,3433
927,31,Michel Delving,465,1.1,3668
694,36,Bywater,508,1.2,2950
1045,26,Michel Delving,478,1.1,4295
931,14,Michel Delving,492,1.4,3624
682,11,Bywater,392,3.0,2586
855,10,Bywater,432,0.0,3387
1143,40,Bywater,578,0.7,4892
738,36,Hobbiton,409,1.3,3279
502,36,Tuckborough,448,1.2,2352
779,25,Hobbiton,520,2.0,3122
843,30,Michel Delving,667,0.8,3875
578,49,Hobbiton,407,0.5,2244
849,28,Buckland,449,1.6,3449
681,26,Bywater,682,0.9,3365
1011,21,Hobbiton,298,1.6,3494
1013,12,Michel Delving,404,1.0,4243
816,26,Hobbiton,592,0.5,3655
350,47,Hobbiton,416,0.7,1447
551,43,Michel Delving,423,0.9,3271
589,39,Hobbiton,469,0.9,2366
894,25,Bywater,395,0.5,3682
587,18,Bywater,516,1.6,2915
802,37,Hobbiton,461,0.8,3091
1011,26,Buckland,395,1.5,4197
1095,46,Hobbiton,499,0.1,4376
811,30,Buckland,478,1.3,3285
1036,29,Tuckborough,531,0.5,5001
1146,18,Hobbiton,418,0.9,4503
627,36,Bywater,575,1.2,3004
929,27,Bywater,427,1.1,3420
764,19,Michel Delving,620,1.0,4019
780,14,Tuckborough,435,0.9,2937
898,51,Buckland,441,0.1,3309
742,36,Bywater,503,0.5,3609
890,25,Buckland,484,1.4,4061
785,25,Bywater,566,1.0,4057
593,40,Bywater,515,0.7,2355
943,50,Buckland,389,0.7,3792
996,3,Hobbiton,598,0.7,4319
639,43,Hobbiton,483,0.6,2908
591,32,Bywater,379,1.4,2305
752,52,Bywater,437,0.5,2947
1034,21,Buckland,403,0.6,4046
742,28,Michel Delving,553,1.3,3641
810,16,Bywater,493,0.6,3338
678,31,Tuckborough,521,0.6,3064
909,35,Bywater,470,0.4,3116
473,68,Tuckborough,280,0.6,1956
798,28,Michel Delving,529,1.2,3174
761,54,Buckland,522,0.1,3005
600,42,Bywater,409,1.2,2703
768,51,Bywater,550,1.1,3061
660,19,Hobbiton,675,1.2,3599
846,58,Bywater,469,0.8,3580
936,18,Hobbiton,501,0.8,4955
863,13,Michel Delving,440,0.9,3396
827,28,Tuckborough,376,1.3,2993
679,36,Hobbiton,372,0.8,2796
455,34,Buckland,495,1.3,2763
983,32,Buckland,592,0.3,4378
484,37,Tuckborough,456,1.1,1906
922,28,Hobbiton,426,1.3,4089
885,30,Tuckborough,393,1.3,3622
1121,44,Tuckborough,435,1.2,4418
1233,80,Buckland,589,1.5,5286
597,28,Buckland,556,0.3,2609
1082,30,Hobbiton,646,1.0,4641
990,3,Hobbiton,561,0.6,4402
705,44,Buckland,485,1.1,3440
472,26,Michel Delving,425,0.8,2665
966,42,Hobbiton,331,1.1,3519
996,25,Buckland,610,1.2,4272
973,23,Buckland,390,2.1,4048
356,39,Hobbiton,411,0.2,2404
515,45,Tuckborough,471,0.7,2672
1020,43,Hobbiton,451,0.7,4822
574,0,Michel Delving,588,1.3,3279
827,24,Bywater,485,0.7,3495
786,14,Buckland,542,1.5,3722
703,4,Hobbiton,418,0.8,2484
851,12,Tuckborough,463,0.7,3678
1006,26,Hobbiton,462,1.4,3689
1196,10,Bywater,516,1.3,5056
526,46,Buckland,347,1.7,3128
1009,19,Buckland,505,0.4,4706
698,45,Michel Delving,639,1.4,3435
1044,37,Michel Delving,560,0.7,4208
805,53,Tuckborough,583,0.2,3519
1132,9,Bywater,369,0.8,3667
688,48,Buckland,386,1.6,3906
808,0,Michel Delving,474,1.5,3393
543,37,Buckland,455,0.5,3022
963,52,Hobbiton,453,0.7,3681
753,34,Buckland,620,1.5,3301
1157,22,Buckland,427,2.1,4464
896,39,Hobbiton,490,1.6,3331
1020,13,Hobbiton,615,1.8,4279
857,29,Bywater,251,1.0,3204
717,28,Tuckborough,815,1.6,3391
625,54,Michel Delving,626,0.5,3254
889,23,Bywater,329,1.1,3145
671,38,Buckland,409,0.0,2674
972,19,Bywater,428,1.4,3418
268,33,Bywater,510,0.4,1702
784,31,Tuckborough,583,0.9,3233
902,39,Tuckborough,615,1.2,4119
697,37,Tuckborough,374,0.6,2598
870,37,Tuckborough,649,1.1,4149
1118,36,Hobbiton,517,1.1,4507
1089,10,Hobbiton,248,1.6,4378
878,8,Hobbiton,407,0.3,3399
787,37,Michel Delving,373,1.1,3404
826,33,Tuckborough,295,0.8,2966
908,31,Hobbiton,581,1.9,3609
994,52,Hobbiton,545,0.6,3923
781,42,Hobbiton,553,1.2,3716
864,40,Buckland,440,0.1,3621
804,31,Michel Delving,357,0.5,3171
728,34,Hobbiton,310,0.8,2959
896,11,Tuckborough,443,1.1,4000
815,48,Tuckborough,586,1.7,3734
505,42,Bywater,652,1.5,2940
587,43,Buckland,528,1.2,2791
753,29,Tuckborough,538,1.2,3675
665,24,Michel Delving,477,1.7,3245
483,24,Michel Delving,646,1.2,3006
715,38,Tuckborough,565,1.3,3279
1005,29,Bywater,395,0.1,3961
789,38,Michel Delving,552,1.5,3653
606,22,Michel Delving,358,1.3,2632
398,46,Buckland,509,0.4,2597
734,28,Hobbiton,535,1.0,2969
745,52,Buckland,580,1.6,4195
864,28,Buckland,315,1.0,3146
1186,23,Bywater,603,1.4,5022
984,44,Michel Delving,415,0.8,4986
840,37,Hobbiton,546,0.9,3561
929,11,Hobbiton,466,0.6,4182
849,38,Michel Delving,441,1.1,3400
1010,50,Hobbiton,358,1.2,4057
826,15,Michel Delving,644,0.4,4022
681,33,Bywater,485,1.7,2511
881,37,Tuckborough,407,1.1,3498
691,46,Buckland,610,0.4,3206
500,34,Hobbiton,523,0.8,2756
758,33,Tuckborough,640,1.8,3584
802,22,Buckland,322,0.7,3496
667,27,Hobbiton,671,1.3,3004
533,22,Hobbiton,373,0.6,2516
836,21,Bywater,612,1.0,3313
1038,48,Tuckborough,477,0.8,4489
791,30,Michel Delving,601,0.5,3816
952,8,Tuckborough,390,1.7,4345
824,64,Tuckborough,420,0.9,3007
294,22,Michel Delving,618,0.1,2495
714,37,Bywater,435,1.7,3029
835,41,Tuckborough,522,0.8,4242
887,38,Michel Delving,415,1.3,3660
1025,48,Bywater,468,0.7,3986
812,17,Michel Delving,377,0.2,3422
775,33,Tuckborough,490,1.2,3106
918,38,Tuckborough,378,0.5,3684
1002,20,Hobbiton,343,0.9,3608
875,23,Bywater,614,1.0,4003
628,31,Michel Delving,451,0.0,2896
720,43,Bywater,463,0.7,3002
1030,31,Michel Delving,497,0.5,4237
940,49,Buckland,427,1.1,3366
1308,25,Hobbiton,308,0.0,4886
799,20,Tuckborough,473,1.1,3030
919,52,Michel Delving,644,1.3,4141
1062,17,Bywater,490,1.0,4450
552,13,Buckland,445,0.6,2637
562,30,Michel Delving,770,0.7,3186
570,30,Hobbiton,600,0.5,2334
342,73,Michel Delving,531,1.5,1883
694,21,Michel Delving,605,1.1,2563
1198,43,Bywater,604,1.6,5167
897,7,Bywater,657,1.1,4182
1012,28,Tuckborough,463,1.7,3917
736,46,Hobbiton,555,1.9,3337
707,19,Hobbiton,409,0.6,2785
1011,29,Buckland,475,1.0,4372
989,22,Tuckborough,456,1.0,4249
675,29,Buckland,485,1.1,3522
623,23,Bywater,403,0.8,2997
917,42,Tuckborough,477,1.8,3897
991,42,Michel Delving,702,0.7,4530
721,50,Michel Delving,587,1.0,3269
797,15,Buckland,532,0.6,3360
668,16,Tuckborough,450,0.7,2755
987,24,Bywater,468,1.5,3902
678,38,Michel Delving,543,1.3,4413
1036,28,Bywater,639,2.2,4124
646,43,Michel Delving,312,1.8,2077
820,30,Bywater,463,0.9,3581
683,41,Hobbiton,340,1.1,2433
811,0,Buckland,406,0.9,3451
616,21,Bywater,734,0.3,3026
939,19,Buckland,506,1.2,3762
1034,22,Bywater,385,0.6,5116
642,14,Bywater,439,0.2,2462
680,38,Tuckborough,442,1.0,3233
876,20,Tuckborough,485,0.7,4612
777,35,Tuckborough,524,0.3,4229
963,47,Tuckborough,653,0.1,4746
1019,20,Buckland,558,0.5,4329
414,23,Buckland,416,0.7,2080
840,29,Bywater,471,1.2,3746
897,41,Bywater,631,0.8,5282
929,43,Michel Delving,516,0.5,4377
1020,33,Bywater,573,0.8,4156
794,35,Bywater,523,1.9,3493
1118,25,Buckland,529,0.6,4922
671,26,Buckland,528,1.3,3369
953,35,Buckland,425,1.0,3547
597,45,Buckland,398,0.7,2916
884,41,Bywater,567,1.3,3858
810,51,Buckland,553,0.5,3867
835,43,Michel Delving,286,0.9,2804
956,0,Tuckborough,432,1.0,4112
726,24,Bywater,426,1.8,2951
749,21,Michel Delving,474,0.4,2716
637,24,Buckland,449,1.0,3085
1149,33,Hobbiton,429,1.6,4869
683,5,Bywater,581,1.2,3458
740,38,Hobbiton,402,1.0,3149
674,39,Buckland,489,0.3,3221
601,36,Hobbiton,462,0.2,3079
578,39,Tuckborough,493,0.5,2874
806,32,Michel Delving,381,1.1,3026
973,23,Tuckborough,372,0.7,3937
861,19,Michel Delving,649,1.1,3910
495,7,Bywater,742,0.8,2619
748,37,Michel Delving,508,2.0,3752
691,39,Michel Delving,520,0.8,3681
914,20,Tuckborough,599,0.7,3940
651,31,Tuckborough,682,0.5,3613
615,7,Bywater,358,0.7,2586
866,38,Tuckborough,492,0.3,3527
852,32,Hobbiton,315,2.0,3268
589,15,Buckland,490,0.9,2424
1018,33,Bywater,631,1.1,4391
925,47,Tuckborough,639,0.0,4103
930,33,Buckland,490,1.6,4050
637,25,Hobbiton,478,1.4,2922
677,44,Bywater,556,1.4,3296
1089,55,Bywater,620,1.2,5085
963,6,Buckland,315,1.4,4505
813,43,Bywater,677,0.9,3625
796,27,Hobbiton,468,0.9,3172
1072,36,Hobbiton,483,0.6,3873
855,27,Hobbiton,474,0.4,3364
644,18,Michel Delving,608,1.6,2930
854,9,Buckland,370,1.7,3329
549,40,Hobbiton,576,2.6,2867
661,40,Tuckborough,588,0.9,3089
546,31,Buckland,548,1.7,2464
950,60,Buckland,538,0.1,3852
820,39,Hobbiton,443,1.5,3950
732,22,Tuckborough,702,1.1,4013
981,33,Tuckborough,321,2.1,2886
681,16,Buckland,683,0.7,3776
1093,36,Michel Delving,492,1.6,4578
529,21,Bywater,464,1.4,2335
872,24,Hobbiton,432,0.9,3401
1063,40,Hobbiton,548,1.4,4797
649,35,Buckland,468,1.4,3216
957,42,Michel Delving,445,1.3,4206
1380,38,Buckland,612,0.9,6117
541,30,Tuckborough,471,1.4,2634
435,24,Hobbiton,645,0.2,3504
742,4,Bywater,419,1.6,2792
812,6,Bywater,427,0.9,3264
386,40,Tuckborough,457,1.5,1551
876,44,Bywater,545,0.8,4411
699,5,Buckland,420,1.3,3332
673,43,Tuckborough,475,0.2,2960
688,45,Tuckborough,349,0.9,3162
1001,25,Tuckborough,448,1.0,3689
882,37,Bywater,602,0.7,3564
378,40,Buckland,504,1.2,1948
611,6,Tuckborough,434,0.8,2577
809,20,Buckland,407,2.1,4305
954,22,Hobbiton,633,0.4,4412
1184,20,Hobbiton,612,1.3,6039
945,7,Buckland,457,1.6,3979
842,24,Hobbiton,457,1.3,3707
938,50,Hobbiton,399,0.8,3711
603,47,Hobbiton,503,1.0,2995
863,33,Buckland,459,1.5,3577
568,55,Buckland,432,0.8,2607
1014,21,Michel Delving,543,1.8,4015
663,39,Tuckborough,415,0.8,2586
405,43,Hobbiton,571,0.9,3015
725,40,Michel Delving,467,0.4,3028
483,30,Michel Delving,487,1.3,2385
579,60,Buckland,564,0.4,2820
472,53,Tuckborough,535,1.5,2890
697,32,Bywater,622,0.9,3356
699,33,Michel Delving,454,0.1,3158
725,28,Hobbiton,653,1.9,3362
982,20,Tuckborough,675,0.5,4440
1028,35,Hobbiton,488,1.1,3879
1048,13,Hobbiton,577,1.4,4794
635,22,Michel Delving,365,1.6,2756
977,0,Michel Delving,513,1.3,4003
791,39,Michel Delving,537,1.0,3472
826,24,Bywater,423,1.7,2966
695,30,Hobbiton,622,1.0,3009
743,49,Tuckborough,629,1.2,3321
568,41,Buckland,493,0.9,2838
832,57,Tuckborough,352,1.7,3939
509,32,Michel Delving,460,0.3,2278
488,3,Bywater,536,1.1,2690
595,44,Michel Delving,335,1.7,2331
826,7,Tuckborough,462,1.7,3471
684,21,Buckland,525,1.1,3117
928,19,Tuckborough,539,1.3,3679
814,31,Tuckborough,590,1.9,3754
644,24,Hobbiton,436,0.8,2758
335,61,Tuckborough,457,0.8,1750
402,26,Hobbiton,504,1.2,2449
850,19,Michel Delving,434,2.2,3869
653,26,Hobbiton,422,1.0,3054
601,3,Hobbiton,407,0.7,2644
797,41,Hobbiton,492,1.3,3137
1090,34,Bywater,377,1.3,3973
890,39,Michel Delving,423,1.2,3562
970,61,Bywater,550,0.8,4318
817,21,Buckland,537,0.9,3979
976,17,Buckland,556,1.8,4151
785,31,Tuckborough,775,0.9,4436
390,44,Michel Delving,335,1.2,1675
595,38,Buckland,440,0.5,3148
915,29,Buckland,517,1.3,4136
649,57,Michel Delving,362,0.9,2733
892,10,Buckland,815,0.9,4534
557,39,Michel Delving,466,0.9,2860
812,33,Hobbiton,273,1.3,3038
1063,21,Hobbiton,517,1.7,4791
799,30,Buckland,566,0.6,3774
977,30,Hobbiton,497,0.8,3864
1321,33,Tuckborough,375,0.2,4674
824,21,Michel Delving,421,1.9,2716
687,19,Hobbiton,589,1.0,3682
569,25,Tuckborough,402,1.7,2128
926,30,Tuckborough,548,1.3,4413
1134,55,Tuckborough,506,1.0,4716
644,7,Buckland,460,1.6,2993
585,38,Buckland,353,0.6,2126
484,9,Tuckborough,665,1.1,2913
834,30,Michel Delving,498,0.5,3585
953,31,Buckland,463,0.6,4234
785,8,Michel Delving,549,1.3,3245
898,29,Michel Delving,560,1.4,3839
909,49,Buckland,519,0.9,3889
1091,38,Michel Delving,671,1.2,5135
989,36,Buckland,447,1.0,3382
995,37,Bywater,501,0.7,3986
970,37,Michel Delving,544,0.7,3725
746,37,Hobbiton,505,1.8,3160
877,13,Tuckborough,498,0.6,3651
1270,49,Buckland,451,0.4,4609
1450,30,Hobbiton,581,1.3,5916
980,27,Tuckborough,362,1.4,3709
666,27,Hobbiton,768,0.8,3374
745,19,Hobbiton,591,0.1,4312
922,9,Buckland,330,1.2,3253
1424,40,Tuckborough,665,1.7,5831
455,29,Tuckborough,399,0.5,2396
673,34,Hobbiton,508,1.4,3109
1231,7,Buckland,548,2.2,5581
815,14,Buckland,648,1.8,4069
873,42,Buckland,385,1.1,3698
780,44,Tuckborough,473,0.4,3292
691,36,Hobbiton,559,1.1,2944
894,26,Bywater,378,0.9,3056
520,16,Buckland,381,0.3,3258
801,26,Michel Delving,458,1.4,4367
729,33,Tuckborough,362,0.9,3267
1119,58,Bywater,555,1.7,4641
1142,35,Bywater,387,0.8,4179
637,42,Tuckborough,468,1.2,2563
707,35,Bywater,547,0.4,2521
801,20,Buckland,551,0.5,3605
628,62,Michel Delving,419,0.7,3211
808,24,Tuckborough,429,0.8,3333
703,3,Michel Delving,531,1.3,3255
960,26,Tuckborough,545,1.1,4153
904,36,Bywater,524,0.5,3391
811,25,Hobbiton,443,0.7,3095
727,40,Buckland,412,1.4,3084
1109,4,Buckland,442,1.0,4361
439,28,Michel Delving,630,0.4,2292
438,15,Hobbiton,643,1.8,2678
727,4,Buckland,384,1.3,3189
956,18,Tuckborough,356,0.9,3245
768,32,Hobbiton,449,0.4,3189
625,28,Michel Delving,571,1.3,2684
1044,15,Michel Delving,506,1.3,4707
825,9,Bywater,613,0.3,3505
777,11,Bywater,663,0.3,3531
514,29,Tuckborough,426,0.7,2305
707,40,Bywater,537,1.2,3375
812,62,Buckland,685,0.8,4032
832,26,Hobbiton,558,1.8,3020
861,40,Bywater,529,1.5,3434
927,46,Tuckborough,510,0.7,3655
322,31,Buckland,453,0.2,1736
737,18,Tuckborough,494,1.0,3216
1097,41,Tuckborough,611,1.7,4603
891,32,Bywater,446,0.8,3593
1133,8,Tuckborough,470,1.4,4646
515,67,Buckland,545,1.8,3019
533,52,Bywater,490,2.2,2290
950,49,Hobbiton,454,0.4,4081
1009,54,Bywater,538,1.2,3833
1034,9,Hobbiton,656,0.5,4788
940,42,Bywater,554,0.8,4182
1111,48,Michel Delving,580,1.2,4782
1078,32,Buckland,560,1.0,5257
937,25,Tuckborough,419,2.0,3221
621,36,Tuckborough,437,0.9,2817
978,46,Tuckborough,588,1.2,4169
630,51,Bywater,395,0.0,2523
808,27,Hobbiton,517,0.5,3720
589,41,Bywater,414,0.7,2359
704,27,Michel Delving,619,1.3,3502
572,27,Michel Delving,354,1.3,2939
590,60,Bywater,600,0.0,3247
1244,36,Bywater,556,1.3,5202
671,12,Tuckborough,524,1.0,3164
912,38,Tuckborough,569,0.3,3803
663,7,Tuckborough,492,0.9,2608
758,46,Bywater,625,0.0,3350
1047,5,Bywater,618,1.5,4243
834,12,Michel Delving,660,0.8,3648
493,2,Tuckborough,420,1.0,2106
752,11,Tuckborough,539,1.2,4279
744,19,Buckland,537,1.1,3067
801,19,Hobbiton,508,1.0,3366
926,10,Buckland,478,1.4,3367
753,41,Michel Delving,483,0.8,3824
773,24,Bywater,644,0.2,3591
858,15,Hobbiton,636,1.2,3934
548,33,Michel Delving,444,0.9,2631
933,19,Tuckborough,699,0.6,4653
778,31,Bywater,396,1.4,3481
984,24,Hobbiton,404,0.9,3755
548,42,Bywater,608,0.1,2616
322,3,Michel Delving,462,1.8,1643
985,49,Tuckborough,722,1.6,4576
812,46,Michel Delving,502,0.8,4018
921,47,Hobbiton,505,1.2,3506
973,49,Hobbiton,633,2.2,4275
781,33,Buckland,448,0.9,3088
682,39,Michel Delving,448,1.1,2519
768,60,Michel Delving,517,0.4,3877
757,11,Bywater,746,1.3,3817
691,42,Bywater,616,0.1,2902
1078,30,Buckland,263,0.3,3662
547,33,Michel Delving,468,1.3,2602
968,21,Michel Delving,516,1.9,4218
578,20,Michel Delving,706,0.5,3108
712,31,Tuckborough,516,1.4,2932
916,29,Buckland,389,1.1,3615
495,50,Buckland,560,1.6,3113
574,19,Bywater,735,1.0,2918
727,57,Michel Delving,560,1.2,3792
810,17,Bywater,302,1.6,2620
857,37,Michel Delving,429,1.2,3321
494,41,Hobbiton,379,0.7,2704
474,21,Bywater,580,0.9,2337
928,8,Buckland,585,1.2,4172
1041,36,Hobbiton,622,0.4,4305
761,32,Michel Delving,478,1.5,3363
637,33,Hobbiton,427,0.4,2298
762,27,Buckland,450,0.8,3816
591,41,Hobbiton,450,1.2,2697
765,10,Buckland,638,1.1,3711
443,11,Bywater,306,1.6,1842
976,43,Michel Delving,423,0.3,3998
789,17,Tuckborough,581,0.8,3762
1206,27,Michel Delving,544,1.2,5087
679,30,Bywater,507,0.4,3077
618,12,Michel Delving,538,1.2,2743
975,31,Hobbiton,404,0.6,3629
776,63,Buckland,365,1.2,3437
456,45,Buckland,522,0.5,2927
1132,55,Buckland,354,0.3,4399
971,20,Bywater,454,0.3,3510
524,38,Bywater,540,1.0,2906
976,31,Bywater,583,0.3,4103
579,26,Michel Delving,440,1.5,2745
830,27,Buckland,532,1.2,3437
708,21,Bywater,673,1.2,3865
762,66,Buckland,530,0.0,3075
826,25,Bywater,613,1.1,4032
817,15,Tuckborough,608,0.5,3463
904,3,Tuckborough,439,1.0,3443
817,32,Michel Delving,322,1.6,2837
759,38,Michel Delving,406,0.2,3025
1087,22,Hobbiton,454,0.5,4899
573,28,Buckland,449,0.3,2600
825,24,Buckland,417,1.5,2875
858,12,Bywater,435,0.9,3825
763,19,Michel Delving,526,1.2,4010
900,34,Tuckborough,766,1.5,4403
725,45,Michel Delving,533,1.2,3185
919,28,Tuckborough,394,0.6,3776
823,31,Buckland,687,0.6,4149
1157,38,Buckland,448,0.7,4976
552,26,Michel Delving,421,0.8,2776
735,38,Buckland,520,0.5,2771
499,1,Buckland,442,1.0,3156
900,44,Tuckborough,388,0.4,3647
971,29,Hobbiton,338,0.7,2957
1035,16,Michel Delving,435,1.3,4253
670,32,Bywater,534,0.2,2491
913,53,Bywater,526,0.7,3640
609,16,Bywater,557,0.6,3167
1071,17,Tuckborough,556,1.9,4236
1033,20,Hobbiton,519,0.8,4793
870,44,Buckland,445,1.9,3418
968,22,Michel Delving,333,0.8,3300
769,45,Buckland,631,1.3,3708
696,25,Hobbiton,477,1.1,2904
761,34,Hobbiton,379,0.6,2549
653,14,Michel Delving,506,1.0,2884
684,3,Bywater,605,0.6,3394
1175,37,Michel Delving,410,0.4,5116
658,39,Hobbiton,410,1.4,2637
871,17,Michel Delving,378,1.2,3104
625,14,Hobbiton,389,0.4,2459
530,13,Hobbiton,599,0.2,2522
747,41,Michel Delving,592,0.4,3418
1005,22,Bywater,441,1.5,3398
761,14,Michel Delving,560,1.7,3819
695,37,Bywater,416,0.4,2462
899,33,Bywater,484,0.0,3779
1106,34,Bywater,538,1.1,4725
755,44,Bywater,345,1.2,2976
753,42,Buckland,571,0.9,3557
1024,31,Hobbiton,748,1.0,4576
829,17,Bywater,432,1.2,3355
877,49,Buckland,656,1.1,3876
687,27,Bywater,443,0.5,3344
848,30,Michel Delving,508,1.7,3932
918,54,Buckland,526,0.9,4034
674,48,Hobbiton,575,1.1,2852
898,56,Bywater,581,0.9,3864
909,21,Michel Delving,633,2.2,4063
1168,5,Michel Delving,455,1.5,4227
990,20,Michel Delving,574,1.7,3558
831,1,Hobbiton,523,0.9,4765
522,22,Bywater,343,1.3,2376
520,34,Buckland,650,1.0,3587
835,4,Hobbiton,346,0.9,3214
726,40,Michel Delving,445,1.5,3361
666,26,Bywater,623,0.7,2899
993,34,Hobbiton,487,1.6,3818
458,47,Hobbiton,360,0.4,2165
881,29,Hobbiton,383,1.2,3145
606,27,Michel Delving,499,1.0,3289
858,30,Hobbiton,461,1.9,3496
654,30,Bywater,532,1.0,2713
738,14,Buckland,486,1.0,2802
1171,21,Tuckborough,701,0.8,5379
715,21,Buckland,567,0.5,3180
757,13,Michel Delving,350,0.5,2834
568,26,Bywater,460,1.5,2863
1112,1,Buckland,547,0.4,4948
636,22,Tuckborough,580,1.1,2632
550,10,Buckland,461,0.6,2545
720,27,Bywater,628,0.4,3875
718,38,Bywater,442,0.8,3135
1146,34,Hobbiton,698,2.0,5671
1221,34,Hobbiton,437,1.3,4696
953,28,Michel Delving,310,1.0,3449
477,9,Buckland,474,1.5,2381
809,28,Hobbiton,624,0.5,3429
797,27,Michel Delving,360,1.1,2994
371,27,Buckland,592,0.9,3052
817,15,Hobbiton,556,0.4,3379
1288,12,Tuckborough,449,1.5,4733
1385,32,Hobbiton,528,0.7,5596
765,34,Michel Delving,774,1.5,4214
872,32,Michel Delving,486,0.7,3639
796,30,Michel Delving,521,1.2,5754
649,41,Tuckborough,645,1.5,2959
891,36,Tuckborough,554,1.2,3701
1026,12,Buckland,414,1.2,3965
610,32,Michel Delving,600,1.0,3297
796,34,Hobbiton,356,0.4,3318
749,14,Bywater,457,1.5,2628
609,36,Tuckborough,695,1.4,2810
1015,48,Hobbiton,529,0.5,4097
725,41,Tuckborough,608,0.7,3542
503,18,Michel Delving,523,1.3,3130
1246,52,Bywater,490,1.7,5144
923,40,Hobbiton,629,0.6,3530
730,34,Buckland,374,1.0,4259
1047,35,Michel Delving,498,1.8,4231
964,40,Buckland,412,1.4,4060
1029,44,Buckland,655,0.7,4514
678,13,Michel Delving,437,1.3,3067
977,28,Michel Delving,368,0.1,3425
924,15,Hobbiton,530,0.6,3293
721,38,Buckland,448,1.2,2880
847,18,Michel Delving,465,0.7,3679
519,54,Michel Delving,459,0.5,2608
830,43,Michel Delving,451,0.4,3475
556,20,Bywater,479,1.0,2504
739,49,Michel Delving,388,0.8,3336
768,20,Tuckborough,523,1.3,3155
619,34,Michel Delving,424,0.6,2068
952,31,Hobbiton,605,0.7,3652
801,18,Tuckborough,555,1.3,3567
726,33,Tuckborough,345,0.9,2690
670,36,Hobbiton,440,0.1,2674
906,36,Hobbiton,632,0.3,4072
834,53,Bywater,271,0.1,3054
742,17,Hobbiton,352,1.1,2506
861,42,Bywater,470,1.7,3878
866,33,Hobbiton,410,0.3,3740
895,39,Bywater,489,1.8,3289
792,36,Buckland,452,0.6,3348
700,26,Tuckborough,447,1.2,2982
999,8,Michel Delving,573,0.3,4894
666,35,Hobbiton,478,1.3,2684
557,40,Buckland,668,0.4,3088
581,41,Hobbiton,517,1.8,2919
805,31,Buckland,465,1.1,3450
623,31,Bywater,436,1.6,4395
688,17,Michel Delving,327,0.7,2646
560,73,Tuckborough,434,1.3,2685
1083,17,Michel Delving,483,1.6,4526
859,26,Michel Delving,549,0.9,3579
1130,3,Buckland,505,0.7,4569
858,44,Buckland,526,1.4,3480
1075,28,Tuckborough,630,0.2,4829
429,33,Buckland,507,0.8,2492
805,38,Michel Delving,533,1.2,3710
1025,37,Hobbiton,558,0.9,4210
862,12,Hobbiton,514,1.7,3965
470,54,Buckland,550,0.3,2243
626,20,Buckland,569,0.5,3186
661,2,Michel Delving,367,1.3,2881
512,39,Buckland,224,1.1,2707
1012,22,Bywater,501,1.7,4484
762,28,Tuckborough,662,0.3,4036
900,11,Hobbiton,352,1.2,3379
884,17,Buckland,484,1.6,3506
1124,15,Bywater,386,1.5,4148
481,55,Tuckborough,580,0.5,2620
795,40,Michel Delving,517,0.0,3870
807,17,Buckland,314,0.9,3185
728,26,Bywater,594,1.4,3652
1156,20,Buckland,578,1.8,5111
647,64,Tuckborough,586,0.4,3624
609,46,Tuckborough,393,1.2,2433
895,33,Tuckborough,735,0.3,4523
903,14,Michel Delving,653,1.6,4326
943,46,Buckland,582,1.3,4409
815,12,Michel Delving,435,0.9,3386
759,35,Bywater,383,0.7,3393
944,49,Buckland,555,1.0,4291
543,35,Buckland,517,0.1,2495
956,27,Bywater,159,1.1,3586
860,17,Michel Delving,689,0.8,4535
865,36,Michel Delving,697,1.6,3939
1111,17,Buckland,487,1.0,4529
728,24,Tuckborough,487,1.2,3701
904,39,Tuckborough,496,0.7,3778
952,22,Michel Delving,712,1.3,4388
475,53,Hobbiton,542,0.4,2011
887,23,Michel Delving,466,1.6,4244
893,25,Hobbiton,571,2.2,3954
636,58,Michel Delving,316,0.9,2387
706,28,Bywater,499,0.3,2998
893,8,Buckland,514,1.2,3853
953,12,Buckland,449,1.5,4485
638,23,Bywater,570,1.9,3017
760,11,Michel Delving,374,2.0,3457
909,33,Bywater,495,1.4,3798
613,21,Michel Delving,463,0.0,2906
1244,14,Buckland,484,1.1,4668
743,26,Bywater,513,1.0,3294
703,27,Buckland,540,1.2,2923
808,39,Tuckborough,505,1.7,3235
1002,16,Bywater,469,1.1,4230
613,18,Michel Delving,513,1.3,3107
995,7,Tuckborough,378,2.0,3885
1372,22,Tuckborough,404,0.6,5993
754,46,Bywater,454,0.5,2890
789,20,Hobbiton,287,1.9,2969
935,32,Buckland,489,1.0,3875
588,42,Buckland,472,1.6,2549
838,37,Hobbiton,354,0.4,3548
880,58,Hobbiton,479,1.1,3409
566,57,Hobbiton,456,0.7,2557
1019,51,Buckland,650,0.4,4987
914,36,Bywater,592,1.2,3924
925,33,Michel Delving,561,1.1,4345
590,33,Bywater,521,0.0,3103
763,49,Tuckborough,538,1.6,3591
773,19,Bywater,488,0.7,3370
888,8,Hobbiton,588,1.3,4067
998,30,Michel Delving,633,0.9,4481
985,51,Michel Delving,394,0.8,3827
843,16,Tuckborough,558,1.5,3741
892,41,Tuckborough,668,0.5,4672
849,34,Buckland,533,0.3,3469
469,35,Buckland,493,0.6,2850
1038,49,Michel Delving,520,1.2,4465
409,20,Buckland,476,1.2,2220
831,28,Buckland,496,0.4,3510
773,10,Bywater,438,0.9,2747
997,38,Michel Delving,499,1.5,4446
245,24,Tuckborough,335,1.2,2214
518,40,Tuckborough,556,1.1,3150
1037,22,Hobbiton,431,0.9,4329
621,21,Bywater,493,0.2,2661
725,42,Hobbiton,578,1.3,3635
850,43,Hobbiton,346,0.5,3276
1029,32,Michel Delving,551,0.6,4014
1012,14,Buckland,586,1.2,4308
760,18,Hobbiton,427,1.8,4280
1031,56,Bywater,343,0.8,4057
758,45,Bywater,617,0.6,3665
689,70,Hobbiton,643,0.8,3057
327,34,Michel Delving,497,1.5,1834
